<?xml version='1.0' encoding='UTF-8'?>  
<!DOCTYPE hibernate-configuration PUBLIC  
          "-//Hibernate/Hibernate Configuration DTD 3.0//EN"  
          "http://hibernate.sourceforge.net/hibernate-configuration-3.0.dtd">  
  
<hibernate-configuration>  
  
<session-factory>
 <property name="show_sql">true</property>
 <property name="hbm2ddl.auto">create</property>  
 <property name="dialect">org.hibernate.dialect.MySQLDialect</property>   
 <property name="connection.url">jdbc:mysql://localhost:3306/HibernateDB</property>  
 <property name="connection.username">root</property>  
 <property name="connection.password">12345678</property>  
 <property name="connection.driver_class">com.mysql.jdbc.Driver</property>  
      
 <mapping class="com.spider.JSpider.Dto.JSpiderDto"/>
 </session-factory>  
  
</hibernate-configuration>